timestamp,log_type,message
0,Exception,IndexOutOfRangeException: Index was outside the bounds of the array.
0.02,Exception,IndexOutOfRangeException: Index was outside the bounds of the array.
0.04,Exception,IndexOutOfRangeException: Index was outside the bounds of the array.
0.06,Exception,IndexOutOfRangeException: Index was outside the bounds of the array.
0.08,Exception,IndexOutOfRangeException: Index was outside the bounds of the array.
0.09999999,Exception,IndexOutOfRangeException: Index was outside the bounds of the array.
0.12,Exception,IndexOutOfRangeException: Index was outside the bounds of the array.
0.14,Exception,IndexOutOfRangeException: Index was outside the bounds of the array.
0.16,Exception,IndexOutOfRangeException: Index was outside the bounds of the array.
0.18,Exception,IndexOutOfRangeException: Index was outside the bounds of the array.
0.2,Exception,IndexOutOfRangeException: Index was outside the bounds of the array.
0.22,Exception,IndexOutOfRangeException: Index was outside the bounds of the array.
0.24,Exception,IndexOutOfRangeException: Index was outside the bounds of the array.
0.26,Exception,IndexOutOfRangeException: Index was outside the bounds of the array.
0.28,Exception,IndexOutOfRangeException: Index was outside the bounds of the array.
0.3,Exception,IndexOutOfRangeException: Index was outside the bounds of the array.
0.32,Exception,IndexOutOfRangeException: Index was outside the bounds of the array.
0.34,Exception,IndexOutOfRangeException: Index was outside the bounds of the array.
0.36,Exception,IndexOutOfRangeException: Index was outside the bounds of the array.
0.38,Exception,IndexOutOfRangeException: Index was outside the bounds of the array.
0.4,Exception,IndexOutOfRangeException: Index was outside the bounds of the array.
0.42,Exception,IndexOutOfRangeException: Index was outside the bounds of the array.
0.44,Exception,IndexOutOfRangeException: Index was outside the bounds of the array.
0.46,Exception,IndexOutOfRangeException: Index was outside the bounds of the array.
0.48,Exception,IndexOutOfRangeException: Index was outside the bounds of the array.
0.5,Exception,IndexOutOfRangeException: Index was outside the bounds of the array.
0.52,Exception,IndexOutOfRangeException: Index was outside the bounds of the array.
0.54,Exception,IndexOutOfRangeException: Index was outside the bounds of the array.
0.56,Exception,IndexOutOfRangeException: Index was outside the bounds of the array.
0.58,Exception,IndexOutOfRangeException: Index was outside the bounds of the array.
0.6,Exception,IndexOutOfRangeException: Index was outside the bounds of the array.
0.62,Exception,IndexOutOfRangeException: Index was outside the bounds of the array.
0.64,Exception,IndexOutOfRangeException: Index was outside the bounds of the array.
0.66,Exception,IndexOutOfRangeException: Index was outside the bounds of the array.
0.68,Exception,IndexOutOfRangeException: Index was outside the bounds of the array.
0.7,Exception,IndexOutOfRangeException: Index was outside the bounds of the array.
0.72,Exception,IndexOutOfRangeException: Index was outside the bounds of the array.
0.74,Exception,IndexOutOfRangeException: Index was outside the bounds of the array.
0.76,Exception,IndexOutOfRangeException: Index was outside the bounds of the array.
0.78,Exception,IndexOutOfRangeException: Index was outside the bounds of the array.
0.8,Exception,IndexOutOfRangeException: Index was outside the bounds of the array.
0.82,Exception,IndexOutOfRangeException: Index was outside the bounds of the array.
0.84,Exception,IndexOutOfRangeException: Index was outside the bounds of the array.
0.86,Exception,IndexOutOfRangeException: Index was outside the bounds of the array.
0.88,Exception,IndexOutOfRangeException: Index was outside the bounds of the array.
0.9,Exception,IndexOutOfRangeException: Index was outside the bounds of the array.
0.92,Exception,IndexOutOfRangeException: Index was outside the bounds of the array.
0.94,Exception,IndexOutOfRangeException: Index was outside the bounds of the array.
0.96,Exception,IndexOutOfRangeException: Index was outside the bounds of the array.
0.98,Exception,IndexOutOfRangeException: Index was outside the bounds of the array.
1,Exception,IndexOutOfRangeException: Index was outside the bounds of the array.
1.02,Exception,IndexOutOfRangeException: Index was outside the bounds of the array.
1.04,Exception,IndexOutOfRangeException: Index was outside the bounds of the array.
1.06,Exception,IndexOutOfRangeException: Index was outside the bounds of the array.
1.08,Exception,IndexOutOfRangeException: Index was outside the bounds of the array.
1.1,Exception,IndexOutOfRangeException: Index was outside the bounds of the array.
1.12,Exception,IndexOutOfRangeException: Index was outside the bounds of the array.
1.14,Exception,IndexOutOfRangeException: Index was outside the bounds of the array.
1.16,Exception,IndexOutOfRangeException: Index was outside the bounds of the array.
1.18,Exception,IndexOutOfRangeException: Index was outside the bounds of the array.
1.2,Exception,IndexOutOfRangeException: Index was outside the bounds of the array.
1.22,Exception,IndexOutOfRangeException: Index was outside the bounds of the array.
1.24,Exception,IndexOutOfRangeException: Index was outside the bounds of the array.
1.26,Exception,IndexOutOfRangeException: Index was outside the bounds of the array.
1.28,Exception,IndexOutOfRangeException: Index was outside the bounds of the array.
1.3,Exception,IndexOutOfRangeException: Index was outside the bounds of the array.
1.32,Exception,IndexOutOfRangeException: Index was outside the bounds of the array.
1.34,Exception,IndexOutOfRangeException: Index was outside the bounds of the array.
1.36,Exception,IndexOutOfRangeException: Index was outside the bounds of the array.
1.38,Exception,IndexOutOfRangeException: Index was outside the bounds of the array.
1.4,Exception,IndexOutOfRangeException: Index was outside the bounds of the array.
1.42,Exception,IndexOutOfRangeException: Index was outside the bounds of the array.
1.44,Exception,IndexOutOfRangeException: Index was outside the bounds of the array.
1.46,Exception,IndexOutOfRangeException: Index was outside the bounds of the array.
1.48,Exception,IndexOutOfRangeException: Index was outside the bounds of the array.
1.5,Exception,IndexOutOfRangeException: Index was outside the bounds of the array.
1.52,Exception,IndexOutOfRangeException: Index was outside the bounds of the array.
1.54,Exception,IndexOutOfRangeException: Index was outside the bounds of the array.
1.56,Exception,IndexOutOfRangeException: Index was outside the bounds of the array.
1.58,Exception,IndexOutOfRangeException: Index was outside the bounds of the array.
1.6,Exception,IndexOutOfRangeException: Index was outside the bounds of the array.
1.62,Exception,IndexOutOfRangeException: Index was outside the bounds of the array.
1.64,Exception,IndexOutOfRangeException: Index was outside the bounds of the array.
1.66,Exception,IndexOutOfRangeException: Index was outside the bounds of the array.
1.68,Exception,IndexOutOfRangeException: Index was outside the bounds of the array.
1.7,Exception,IndexOutOfRangeException: Index was outside the bounds of the array.
1.72,Exception,IndexOutOfRangeException: Index was outside the bounds of the array.
1.74,Exception,IndexOutOfRangeException: Index was outside the bounds of the array.
1.76,Exception,IndexOutOfRangeException: Index was outside the bounds of the array.
1.78,Exception,IndexOutOfRangeException: Index was outside the bounds of the array.
1.8,Exception,IndexOutOfRangeException: Index was outside the bounds of the array.
1.82,Exception,IndexOutOfRangeException: Index was outside the bounds of the array.
1.84,Exception,IndexOutOfRangeException: Index was outside the bounds of the array.
1.86,Exception,IndexOutOfRangeException: Index was outside the bounds of the array.
1.88,Exception,IndexOutOfRangeException: Index was outside the bounds of the array.
1.9,Exception,IndexOutOfRangeException: Index was outside the bounds of the array.
1.92,Exception,IndexOutOfRangeException: Index was outside the bounds of the array.
1.94,Exception,IndexOutOfRangeException: Index was outside the bounds of the array.
1.96,Exception,IndexOutOfRangeException: Index was outside the bounds of the array.
1.98,Exception,IndexOutOfRangeException: Index was outside the bounds of the array.
2,Exception,IndexOutOfRangeException: Index was outside the bounds of the array.
2.02,Exception,IndexOutOfRangeException: Index was outside the bounds of the array.
2.04,Exception,IndexOutOfRangeException: Index was outside the bounds of the array.
2.06,Exception,IndexOutOfRangeException: Index was outside the bounds of the array.
2.08,Exception,IndexOutOfRangeException: Index was outside the bounds of the array.
2.1,Exception,IndexOutOfRangeException: Index was outside the bounds of the array.
2.12,Exception,IndexOutOfRangeException: Index was outside the bounds of the array.
2.14,Exception,IndexOutOfRangeException: Index was outside the bounds of the array.
2.16,Exception,IndexOutOfRangeException: Index was outside the bounds of the array.
2.18,Exception,IndexOutOfRangeException: Index was outside the bounds of the array.
2.2,Exception,IndexOutOfRangeException: Index was outside the bounds of the array.
2.22,Exception,IndexOutOfRangeException: Index was outside the bounds of the array.
2.24,Exception,IndexOutOfRangeException: Index was outside the bounds of the array.
2.26,Exception,IndexOutOfRangeException: Index was outside the bounds of the array.
2.28,Exception,IndexOutOfRangeException: Index was outside the bounds of the array.
2.3,Exception,IndexOutOfRangeException: Index was outside the bounds of the array.
2.32,Exception,IndexOutOfRangeException: Index was outside the bounds of the array.
2.34,Exception,IndexOutOfRangeException: Index was outside the bounds of the array.
2.36,Exception,IndexOutOfRangeException: Index was outside the bounds of the array.
2.38,Exception,IndexOutOfRangeException: Index was outside the bounds of the array.
2.4,Exception,IndexOutOfRangeException: Index was outside the bounds of the array.
2.42,Exception,IndexOutOfRangeException: Index was outside the bounds of the array.
2.44,Exception,IndexOutOfRangeException: Index was outside the bounds of the array.
2.46,Exception,IndexOutOfRangeException: Index was outside the bounds of the array.
2.48,Exception,IndexOutOfRangeException: Index was outside the bounds of the array.
2.5,Exception,IndexOutOfRangeException: Index was outside the bounds of the array.
2.52,Exception,IndexOutOfRangeException: Index was outside the bounds of the array.
2.54,Exception,IndexOutOfRangeException: Index was outside the bounds of the array.
2.56,Exception,IndexOutOfRangeException: Index was outside the bounds of the array.
2.58,Exception,IndexOutOfRangeException: Index was outside the bounds of the array.
2.6,Exception,IndexOutOfRangeException: Index was outside the bounds of the array.
2.62,Exception,IndexOutOfRangeException: Index was outside the bounds of the array.
2.64,Exception,IndexOutOfRangeException: Index was outside the bounds of the array.
2.66,Exception,IndexOutOfRangeException: Index was outside the bounds of the array.
2.68,Exception,IndexOutOfRangeException: Index was outside the bounds of the array.
2.7,Exception,IndexOutOfRangeException: Index was outside the bounds of the array.
2.72,Exception,IndexOutOfRangeException: Index was outside the bounds of the array.
2.74,Exception,IndexOutOfRangeException: Index was outside the bounds of the array.
2.76,Exception,IndexOutOfRangeException: Index was outside the bounds of the array.
2.78,Exception,IndexOutOfRangeException: Index was outside the bounds of the array.
2.8,Exception,IndexOutOfRangeException: Index was outside the bounds of the array.
2.82,Exception,IndexOutOfRangeException: Index was outside the bounds of the array.
2.84,Exception,IndexOutOfRangeException: Index was outside the bounds of the array.
2.86,Exception,IndexOutOfRangeException: Index was outside the bounds of the array.
2.88,Exception,IndexOutOfRangeException: Index was outside the bounds of the array.
2.9,Exception,IndexOutOfRangeException: Index was outside the bounds of the array.
2.92,Exception,IndexOutOfRangeException: Index was outside the bounds of the array.
2.94,Exception,IndexOutOfRangeException: Index was outside the bounds of the array.
2.96,Exception,IndexOutOfRangeException: Index was outside the bounds of the array.
2.98,Exception,IndexOutOfRangeException: Index was outside the bounds of the array.
3,Exception,IndexOutOfRangeException: Index was outside the bounds of the array.
3.02,Exception,IndexOutOfRangeException: Index was outside the bounds of the array.
3.04,Exception,IndexOutOfRangeException: Index was outside the bounds of the array.
3.06,Exception,IndexOutOfRangeException: Index was outside the bounds of the array.
3.08,Exception,IndexOutOfRangeException: Index was outside the bounds of the array.
3.1,Exception,IndexOutOfRangeException: Index was outside the bounds of the array.
3.12,Exception,IndexOutOfRangeException: Index was outside the bounds of the array.
3.14,Exception,IndexOutOfRangeException: Index was outside the bounds of the array.
3.16,Exception,IndexOutOfRangeException: Index was outside the bounds of the array.
3.18,Exception,IndexOutOfRangeException: Index was outside the bounds of the array.
3.2,Exception,IndexOutOfRangeException: Index was outside the bounds of the array.
3.22,Exception,IndexOutOfRangeException: Index was outside the bounds of the array.
3.24,Exception,IndexOutOfRangeException: Index was outside the bounds of the array.
3.26,Exception,IndexOutOfRangeException: Index was outside the bounds of the array.
3.28,Exception,IndexOutOfRangeException: Index was outside the bounds of the array.
3.3,Exception,IndexOutOfRangeException: Index was outside the bounds of the array.
3.32,Exception,IndexOutOfRangeException: Index was outside the bounds of the array.
3.34,Exception,IndexOutOfRangeException: Index was outside the bounds of the array.
3.36,Exception,IndexOutOfRangeException: Index was outside the bounds of the array.
3.38,Exception,IndexOutOfRangeException: Index was outside the bounds of the array.
3.4,Exception,IndexOutOfRangeException: Index was outside the bounds of the array.
3.42,Exception,IndexOutOfRangeException: Index was outside the bounds of the array.
3.44,Exception,IndexOutOfRangeException: Index was outside the bounds of the array.
3.46,Exception,IndexOutOfRangeException: Index was outside the bounds of the array.
3.48,Exception,IndexOutOfRangeException: Index was outside the bounds of the array.
3.5,Exception,IndexOutOfRangeException: Index was outside the bounds of the array.
3.52,Exception,IndexOutOfRangeException: Index was outside the bounds of the array.
3.54,Exception,IndexOutOfRangeException: Index was outside the bounds of the array.
3.56,Exception,IndexOutOfRangeException: Index was outside the bounds of the array.
3.58,Exception,IndexOutOfRangeException: Index was outside the bounds of the array.
3.6,Exception,IndexOutOfRangeException: Index was outside the bounds of the array.
3.62,Exception,IndexOutOfRangeException: Index was outside the bounds of the array.
3.64,Exception,IndexOutOfRangeException: Index was outside the bounds of the array.
3.66,Exception,IndexOutOfRangeException: Index was outside the bounds of the array.
3.68,Exception,IndexOutOfRangeException: Index was outside the bounds of the array.
3.7,Exception,IndexOutOfRangeException: Index was outside the bounds of the array.
3.72,Exception,IndexOutOfRangeException: Index was outside the bounds of the array.
3.74,Exception,IndexOutOfRangeException: Index was outside the bounds of the array.
3.76,Exception,IndexOutOfRangeException: Index was outside the bounds of the array.
3.78,Exception,IndexOutOfRangeException: Index was outside the bounds of the array.
3.8,Exception,IndexOutOfRangeException: Index was outside the bounds of the array.
3.82,Exception,IndexOutOfRangeException: Index was outside the bounds of the array.
3.84,Exception,IndexOutOfRangeException: Index was outside the bounds of the array.
3.86,Exception,IndexOutOfRangeException: Index was outside the bounds of the array.
3.88,Exception,IndexOutOfRangeException: Index was outside the bounds of the array.
3.9,Exception,IndexOutOfRangeException: Index was outside the bounds of the array.
3.92,Exception,IndexOutOfRangeException: Index was outside the bounds of the array.
3.94,Exception,IndexOutOfRangeException: Index was outside the bounds of the array.
3.96,Exception,IndexOutOfRangeException: Index was outside the bounds of the array.
3.98,Exception,IndexOutOfRangeException: Index was outside the bounds of the array.
4,Exception,IndexOutOfRangeException: Index was outside the bounds of the array.
4.02,Exception,IndexOutOfRangeException: Index was outside the bounds of the array.
4.04,Exception,IndexOutOfRangeException: Index was outside the bounds of the array.
4.06,Exception,IndexOutOfRangeException: Index was outside the bounds of the array.
4.08,Exception,IndexOutOfRangeException: Index was outside the bounds of the array.
4.1,Exception,IndexOutOfRangeException: Index was outside the bounds of the array.
4.12,Exception,IndexOutOfRangeException: Index was outside the bounds of the array.
4.14,Exception,IndexOutOfRangeException: Index was outside the bounds of the array.
4.16,Exception,IndexOutOfRangeException: Index was outside the bounds of the array.
4.18,Exception,IndexOutOfRangeException: Index was outside the bounds of the array.
4.2,Exception,IndexOutOfRangeException: Index was outside the bounds of the array.
4.22,Exception,IndexOutOfRangeException: Index was outside the bounds of the array.
4.24,Exception,IndexOutOfRangeException: Index was outside the bounds of the array.
4.26,Exception,IndexOutOfRangeException: Index was outside the bounds of the array.
4.28,Exception,IndexOutOfRangeException: Index was outside the bounds of the array.
4.3,Exception,IndexOutOfRangeException: Index was outside the bounds of the array.
4.32,Exception,IndexOutOfRangeException: Index was outside the bounds of the array.
4.34,Exception,IndexOutOfRangeException: Index was outside the bounds of the array.
4.36,Exception,IndexOutOfRangeException: Index was outside the bounds of the array.
4.38,Exception,IndexOutOfRangeException: Index was outside the bounds of the array.
4.4,Exception,IndexOutOfRangeException: Index was outside the bounds of the array.
4.42,Exception,IndexOutOfRangeException: Index was outside the bounds of the array.
4.44,Exception,IndexOutOfRangeException: Index was outside the bounds of the array.
4.46,Exception,IndexOutOfRangeException: Index was outside the bounds of the array.
4.48,Exception,IndexOutOfRangeException: Index was outside the bounds of the array.
4.5,Exception,IndexOutOfRangeException: Index was outside the bounds of the array.
4.52,Exception,IndexOutOfRangeException: Index was outside the bounds of the array.
4.54,Exception,IndexOutOfRangeException: Index was outside the bounds of the array.
4.56,Exception,IndexOutOfRangeException: Index was outside the bounds of the array.
4.58,Exception,IndexOutOfRangeException: Index was outside the bounds of the array.
4.6,Exception,IndexOutOfRangeException: Index was outside the bounds of the array.
4.62,Exception,IndexOutOfRangeException: Index was outside the bounds of the array.
4.64,Exception,IndexOutOfRangeException: Index was outside the bounds of the array.
4.66,Exception,IndexOutOfRangeException: Index was outside the bounds of the array.
4.68,Exception,IndexOutOfRangeException: Index was outside the bounds of the array.
4.7,Exception,IndexOutOfRangeException: Index was outside the bounds of the array.
4.72,Exception,IndexOutOfRangeException: Index was outside the bounds of the array.
4.74,Exception,IndexOutOfRangeException: Index was outside the bounds of the array.
4.76,Exception,IndexOutOfRangeException: Index was outside the bounds of the array.
4.78,Exception,IndexOutOfRangeException: Index was outside the bounds of the array.
4.8,Exception,IndexOutOfRangeException: Index was outside the bounds of the array.
4.82,Exception,IndexOutOfRangeException: Index was outside the bounds of the array.
4.84,Exception,IndexOutOfRangeException: Index was outside the bounds of the array.
4.86,Exception,IndexOutOfRangeException: Index was outside the bounds of the array.
4.88,Exception,IndexOutOfRangeException: Index was outside the bounds of the array.
4.9,Exception,IndexOutOfRangeException: Index was outside the bounds of the array.
4.92,Exception,IndexOutOfRangeException: Index was outside the bounds of the array.
4.94,Exception,IndexOutOfRangeException: Index was outside the bounds of the array.
4.96,Exception,IndexOutOfRangeException: Index was outside the bounds of the array.
4.98,Exception,IndexOutOfRangeException: Index was outside the bounds of the array.
5,Exception,IndexOutOfRangeException: Index was outside the bounds of the array.
5.02,Exception,IndexOutOfRangeException: Index was outside the bounds of the array.
5.04,Exception,IndexOutOfRangeException: Index was outside the bounds of the array.
5.06,Exception,IndexOutOfRangeException: Index was outside the bounds of the array.
5.08,Exception,IndexOutOfRangeException: Index was outside the bounds of the array.
5.1,Exception,IndexOutOfRangeException: Index was outside the bounds of the array.
5.12,Exception,IndexOutOfRangeException: Index was outside the bounds of the array.
5.14,Exception,IndexOutOfRangeException: Index was outside the bounds of the array.
5.16,Exception,IndexOutOfRangeException: Index was outside the bounds of the array.
5.18,Exception,IndexOutOfRangeException: Index was outside the bounds of the array.
5.2,Exception,IndexOutOfRangeException: Index was outside the bounds of the array.
5.22,Exception,IndexOutOfRangeException: Index was outside the bounds of the array.
5.24,Exception,IndexOutOfRangeException: Index was outside the bounds of the array.
5.26,Exception,IndexOutOfRangeException: Index was outside the bounds of the array.
5.28,Exception,IndexOutOfRangeException: Index was outside the bounds of the array.
5.3,Exception,IndexOutOfRangeException: Index was outside the bounds of the array.
5.32,Exception,IndexOutOfRangeException: Index was outside the bounds of the array.
5.34,Exception,IndexOutOfRangeException: Index was outside the bounds of the array.
5.36,Exception,IndexOutOfRangeException: Index was outside the bounds of the array.
5.38,Exception,IndexOutOfRangeException: Index was outside the bounds of the array.
5.4,Exception,IndexOutOfRangeException: Index was outside the bounds of the array.
5.42,Exception,IndexOutOfRangeException: Index was outside the bounds of the array.
5.44,Exception,IndexOutOfRangeException: Index was outside the bounds of the array.
5.46,Exception,IndexOutOfRangeException: Index was outside the bounds of the array.
5.48,Exception,IndexOutOfRangeException: Index was outside the bounds of the array.
5.5,Exception,IndexOutOfRangeException: Index was outside the bounds of the array.
5.52,Exception,IndexOutOfRangeException: Index was outside the bounds of the array.
5.54,Exception,IndexOutOfRangeException: Index was outside the bounds of the array.
5.56,Exception,IndexOutOfRangeException: Index was outside the bounds of the array.
5.58,Exception,IndexOutOfRangeException: Index was outside the bounds of the array.
5.6,Exception,IndexOutOfRangeException: Index was outside the bounds of the array.
5.62,Exception,IndexOutOfRangeException: Index was outside the bounds of the array.
5.64,Exception,IndexOutOfRangeException: Index was outside the bounds of the array.
5.66,Exception,IndexOutOfRangeException: Index was outside the bounds of the array.
5.68,Exception,IndexOutOfRangeException: Index was outside the bounds of the array.
5.7,Exception,IndexOutOfRangeException: Index was outside the bounds of the array.
5.72,Exception,IndexOutOfRangeException: Index was outside the bounds of the array.
5.74,Exception,IndexOutOfRangeException: Index was outside the bounds of the array.
5.76,Exception,IndexOutOfRangeException: Index was outside the bounds of the array.
5.78,Exception,IndexOutOfRangeException: Index was outside the bounds of the array.
5.8,Exception,IndexOutOfRangeException: Index was outside the bounds of the array.
5.82,Exception,IndexOutOfRangeException: Index was outside the bounds of the array.
5.84,Exception,IndexOutOfRangeException: Index was outside the bounds of the array.
5.86,Exception,IndexOutOfRangeException: Index was outside the bounds of the array.
5.88,Exception,IndexOutOfRangeException: Index was outside the bounds of the array.
5.9,Exception,IndexOutOfRangeException: Index was outside the bounds of the array.
5.92,Exception,IndexOutOfRangeException: Index was outside the bounds of the array.
5.94,Exception,IndexOutOfRangeException: Index was outside the bounds of the array.
5.96,Exception,IndexOutOfRangeException: Index was outside the bounds of the array.
5.98,Exception,IndexOutOfRangeException: Index was outside the bounds of the array.
6,Exception,IndexOutOfRangeException: Index was outside the bounds of the array.
6.02,Exception,IndexOutOfRangeException: Index was outside the bounds of the array.
6.04,Exception,IndexOutOfRangeException: Index was outside the bounds of the array.
6.06,Exception,IndexOutOfRangeException: Index was outside the bounds of the array.
6.08,Exception,IndexOutOfRangeException: Index was outside the bounds of the array.
6.1,Exception,IndexOutOfRangeException: Index was outside the bounds of the array.
6.12,Exception,IndexOutOfRangeException: Index was outside the bounds of the array.
6.14,Exception,IndexOutOfRangeException: Index was outside the bounds of the array.
6.16,Exception,IndexOutOfRangeException: Index was outside the bounds of the array.
6.18,Exception,IndexOutOfRangeException: Index was outside the bounds of the array.
6.2,Exception,IndexOutOfRangeException: Index was outside the bounds of the array.
6.22,Exception,IndexOutOfRangeException: Index was outside the bounds of the array.
6.24,Exception,IndexOutOfRangeException: Index was outside the bounds of the array.
6.26,Exception,IndexOutOfRangeException: Index was outside the bounds of the array.
6.28,Exception,IndexOutOfRangeException: Index was outside the bounds of the array.
6.3,Exception,IndexOutOfRangeException: Index was outside the bounds of the array.
6.32,Exception,IndexOutOfRangeException: Index was outside the bounds of the array.
6.34,Exception,IndexOutOfRangeException: Index was outside the bounds of the array.
6.36,Exception,IndexOutOfRangeException: Index was outside the bounds of the array.
6.38,Exception,IndexOutOfRangeException: Index was outside the bounds of the array.
6.4,Exception,IndexOutOfRangeException: Index was outside the bounds of the array.
6.42,Exception,IndexOutOfRangeException: Index was outside the bounds of the array.
6.44,Exception,IndexOutOfRangeException: Index was outside the bounds of the array.
6.46,Exception,IndexOutOfRangeException: Index was outside the bounds of the array.
6.48,Exception,IndexOutOfRangeException: Index was outside the bounds of the array.
6.5,Exception,IndexOutOfRangeException: Index was outside the bounds of the array.
6.52,Exception,IndexOutOfRangeException: Index was outside the bounds of the array.
6.54,Exception,IndexOutOfRangeException: Index was outside the bounds of the array.
6.56,Exception,IndexOutOfRangeException: Index was outside the bounds of the array.
6.58,Exception,IndexOutOfRangeException: Index was outside the bounds of the array.
6.6,Exception,IndexOutOfRangeException: Index was outside the bounds of the array.
6.62,Exception,IndexOutOfRangeException: Index was outside the bounds of the array.
6.64,Exception,IndexOutOfRangeException: Index was outside the bounds of the array.
6.66,Exception,IndexOutOfRangeException: Index was outside the bounds of the array.
6.68,Exception,IndexOutOfRangeException: Index was outside the bounds of the array.
6.7,Exception,IndexOutOfRangeException: Index was outside the bounds of the array.
6.72,Exception,IndexOutOfRangeException: Index was outside the bounds of the array.
6.74,Exception,IndexOutOfRangeException: Index was outside the bounds of the array.
6.76,Exception,IndexOutOfRangeException: Index was outside the bounds of the array.
6.78,Exception,IndexOutOfRangeException: Index was outside the bounds of the array.
6.8,Exception,IndexOutOfRangeException: Index was outside the bounds of the array.
6.82,Exception,IndexOutOfRangeException: Index was outside the bounds of the array.
6.84,Exception,IndexOutOfRangeException: Index was outside the bounds of the array.
6.86,Exception,IndexOutOfRangeException: Index was outside the bounds of the array.
6.88,Exception,IndexOutOfRangeException: Index was outside the bounds of the array.
6.9,Exception,IndexOutOfRangeException: Index was outside the bounds of the array.
6.92,Exception,IndexOutOfRangeException: Index was outside the bounds of the array.
6.94,Exception,IndexOutOfRangeException: Index was outside the bounds of the array.
6.96,Exception,IndexOutOfRangeException: Index was outside the bounds of the array.
6.98,Exception,IndexOutOfRangeException: Index was outside the bounds of the array.
6.991434,Log,Loaded: D:\pendulums\Trials\SAMPLE.csv
7,Exception,IndexOutOfRangeException: Index was outside the bounds of the array.
7.02,Exception,IndexOutOfRangeException: Index was outside the bounds of the array.
7.04,Exception,IndexOutOfRangeException: Index was outside the bounds of the array.
7.06,Exception,IndexOutOfRangeException: Index was outside the bounds of the array.
7.08,Exception,IndexOutOfRangeException: Index was outside the bounds of the array.
7.1,Exception,IndexOutOfRangeException: Index was outside the bounds of the array.
7.12,Exception,IndexOutOfRangeException: Index was outside the bounds of the array.
7.14,Exception,IndexOutOfRangeException: Index was outside the bounds of the array.
7.16,Exception,IndexOutOfRangeException: Index was outside the bounds of the array.
7.18,Exception,IndexOutOfRangeException: Index was outside the bounds of the array.
7.2,Exception,IndexOutOfRangeException: Index was outside the bounds of the array.
7.22,Exception,IndexOutOfRangeException: Index was outside the bounds of the array.
7.24,Exception,IndexOutOfRangeException: Index was outside the bounds of the array.
7.26,Exception,IndexOutOfRangeException: Index was outside the bounds of the array.
7.28,Exception,IndexOutOfRangeException: Index was outside the bounds of the array.
7.3,Exception,IndexOutOfRangeException: Index was outside the bounds of the array.
7.32,Exception,IndexOutOfRangeException: Index was outside the bounds of the array.
7.34,Exception,IndexOutOfRangeException: Index was outside the bounds of the array.
7.36,Exception,IndexOutOfRangeException: Index was outside the bounds of the array.
7.38,Exception,IndexOutOfRangeException: Index was outside the bounds of the array.
7.4,Exception,IndexOutOfRangeException: Index was outside the bounds of the array.
7.42,Exception,IndexOutOfRangeException: Index was outside the bounds of the array.
7.44,Exception,IndexOutOfRangeException: Index was outside the bounds of the array.
7.46,Exception,IndexOutOfRangeException: Index was outside the bounds of the array.
7.48,Exception,IndexOutOfRangeException: Index was outside the bounds of the array.
7.5,Exception,IndexOutOfRangeException: Index was outside the bounds of the array.
7.52,Exception,IndexOutOfRangeException: Index was outside the bounds of the array.
7.54,Exception,IndexOutOfRangeException: Index was outside the bounds of the array.
7.56,Exception,IndexOutOfRangeException: Index was outside the bounds of the array.
7.58,Exception,IndexOutOfRangeException: Index was outside the bounds of the array.
7.6,Exception,IndexOutOfRangeException: Index was outside the bounds of the array.
7.62,Exception,IndexOutOfRangeException: Index was outside the bounds of the array.
7.64,Exception,IndexOutOfRangeException: Index was outside the bounds of the array.
7.66,Exception,IndexOutOfRangeException: Index was outside the bounds of the array.
7.68,Exception,IndexOutOfRangeException: Index was outside the bounds of the array.
7.7,Exception,IndexOutOfRangeException: Index was outside the bounds of the array.
7.72,Exception,IndexOutOfRangeException: Index was outside the bounds of the array.
7.74,Exception,IndexOutOfRangeException: Index was outside the bounds of the array.
7.76,Exception,IndexOutOfRangeException: Index was outside the bounds of the array.
7.78,Exception,IndexOutOfRangeException: Index was outside the bounds of the array.
7.8,Exception,IndexOutOfRangeException: Index was outside the bounds of the array.
7.82,Exception,IndexOutOfRangeException: Index was outside the bounds of the array.
7.84,Exception,IndexOutOfRangeException: Index was outside the bounds of the array.
7.86,Exception,IndexOutOfRangeException: Index was outside the bounds of the array.
7.88,Exception,IndexOutOfRangeException: Index was outside the bounds of the array.
7.9,Exception,IndexOutOfRangeException: Index was outside the bounds of the array.
7.92,Exception,IndexOutOfRangeException: Index was outside the bounds of the array.
7.94,Exception,IndexOutOfRangeException: Index was outside the bounds of the array.
7.96,Exception,IndexOutOfRangeException: Index was outside the bounds of the array.
7.98,Exception,IndexOutOfRangeException: Index was outside the bounds of the array.
8,Exception,IndexOutOfRangeException: Index was outside the bounds of the array.
8.02,Exception,IndexOutOfRangeException: Index was outside the bounds of the array.
8.04,Exception,IndexOutOfRangeException: Index was outside the bounds of the array.
8.059999,Exception,IndexOutOfRangeException: Index was outside the bounds of the array.
8.08,Exception,IndexOutOfRangeException: Index was outside the bounds of the array.
8.099999,Exception,IndexOutOfRangeException: Index was outside the bounds of the array.
8.12,Exception,IndexOutOfRangeException: Index was outside the bounds of the array.
8.139999,Exception,IndexOutOfRangeException: Index was outside the bounds of the array.
8.16,Exception,IndexOutOfRangeException: Index was outside the bounds of the array.
8.179999,Exception,IndexOutOfRangeException: Index was outside the bounds of the array.
8.2,Exception,IndexOutOfRangeException: Index was outside the bounds of the array.
8.22,Exception,IndexOutOfRangeException: Index was outside the bounds of the array.
8.24,Exception,IndexOutOfRangeException: Index was outside the bounds of the array.
8.26,Exception,IndexOutOfRangeException: Index was outside the bounds of the array.
8.28,Exception,IndexOutOfRangeException: Index was outside the bounds of the array.
8.3,Exception,IndexOutOfRangeException: Index was outside the bounds of the array.
8.32,Exception,IndexOutOfRangeException: Index was outside the bounds of the array.
8.34,Exception,IndexOutOfRangeException: Index was outside the bounds of the array.
8.36,Exception,IndexOutOfRangeException: Index was outside the bounds of the array.
8.38,Exception,IndexOutOfRangeException: Index was outside the bounds of the array.
8.4,Exception,IndexOutOfRangeException: Index was outside the bounds of the array.
8.42,Exception,IndexOutOfRangeException: Index was outside the bounds of the array.
8.44,Exception,IndexOutOfRangeException: Index was outside the bounds of the array.
8.46,Exception,IndexOutOfRangeException: Index was outside the bounds of the array.
8.48,Exception,IndexOutOfRangeException: Index was outside the bounds of the array.
8.5,Exception,IndexOutOfRangeException: Index was outside the bounds of the array.
8.52,Exception,IndexOutOfRangeException: Index was outside the bounds of the array.
8.54,Exception,IndexOutOfRangeException: Index was outside the bounds of the array.
8.559999,Exception,IndexOutOfRangeException: Index was outside the bounds of the array.
8.58,Exception,IndexOutOfRangeException: Index was outside the bounds of the array.
8.599999,Exception,IndexOutOfRangeException: Index was outside the bounds of the array.
8.62,Exception,IndexOutOfRangeException: Index was outside the bounds of the array.
8.639999,Exception,IndexOutOfRangeException: Index was outside the bounds of the array.
8.66,Exception,IndexOutOfRangeException: Index was outside the bounds of the array.
8.679999,Exception,IndexOutOfRangeException: Index was outside the bounds of the array.
8.7,Exception,IndexOutOfRangeException: Index was outside the bounds of the array.
8.72,Exception,IndexOutOfRangeException: Index was outside the bounds of the array.
8.74,Exception,IndexOutOfRangeException: Index was outside the bounds of the array.
8.76,Exception,IndexOutOfRangeException: Index was outside the bounds of the array.
8.78,Exception,IndexOutOfRangeException: Index was outside the bounds of the array.
8.8,Exception,IndexOutOfRangeException: Index was outside the bounds of the array.
8.82,Exception,IndexOutOfRangeException: Index was outside the bounds of the array.
8.84,Exception,IndexOutOfRangeException: Index was outside the bounds of the array.
8.86,Exception,IndexOutOfRangeException: Index was outside the bounds of the array.
8.88,Exception,IndexOutOfRangeException: Index was outside the bounds of the array.
8.9,Exception,IndexOutOfRangeException: Index was outside the bounds of the array.
8.92,Exception,IndexOutOfRangeException: Index was outside the bounds of the array.
8.94,Exception,IndexOutOfRangeException: Index was outside the bounds of the array.
8.96,Exception,IndexOutOfRangeException: Index was outside the bounds of the array.
8.98,Exception,IndexOutOfRangeException: Index was outside the bounds of the array.
9,Exception,IndexOutOfRangeException: Index was outside the bounds of the array.
9.02,Exception,IndexOutOfRangeException: Index was outside the bounds of the array.
9.04,Exception,IndexOutOfRangeException: Index was outside the bounds of the array.
9.059999,Exception,IndexOutOfRangeException: Index was outside the bounds of the array.
9.08,Exception,IndexOutOfRangeException: Index was outside the bounds of the array.
9.099999,Exception,IndexOutOfRangeException: Index was outside the bounds of the array.
9.12,Exception,IndexOutOfRangeException: Index was outside the bounds of the array.
9.139999,Exception,IndexOutOfRangeException: Index was outside the bounds of the array.
9.16,Exception,IndexOutOfRangeException: Index was outside the bounds of the array.
9.179999,Exception,IndexOutOfRangeException: Index was outside the bounds of the array.
9.2,Exception,IndexOutOfRangeException: Index was outside the bounds of the array.
9.22,Exception,IndexOutOfRangeException: Index was outside the bounds of the array.
9.24,Exception,IndexOutOfRangeException: Index was outside the bounds of the array.
9.26,Exception,IndexOutOfRangeException: Index was outside the bounds of the array.
9.28,Exception,IndexOutOfRangeException: Index was outside the bounds of the array.
9.3,Exception,IndexOutOfRangeException: Index was outside the bounds of the array.
9.307469,Log,Updating: D:\pendulums\Trials\SAMPLE.csv
9.307469,Log,Fast
9.307469,Log,P_210317120759
9.307469,Log,150
9.307469,Log,Running trial!
9.32,Exception,IndexOutOfRangeException: Index was outside the bounds of the array.
9.34,Exception,IndexOutOfRangeException: Index was outside the bounds of the array.
9.36,Exception,IndexOutOfRangeException: Index was outside the bounds of the array.
9.38,Exception,IndexOutOfRangeException: Index was outside the bounds of the array.
9.4,Exception,IndexOutOfRangeException: Index was outside the bounds of the array.
9.42,Exception,IndexOutOfRangeException: Index was outside the bounds of the array.
9.44,Exception,IndexOutOfRangeException: Index was outside the bounds of the array.
9.46,Exception,IndexOutOfRangeException: Index was outside the bounds of the array.
9.48,Exception,IndexOutOfRangeException: Index was outside the bounds of the array.
9.5,Exception,IndexOutOfRangeException: Index was outside the bounds of the array.
9.52,Exception,IndexOutOfRangeException: Index was outside the bounds of the array.
9.54,Exception,IndexOutOfRangeException: Index was outside the bounds of the array.
9.559999,Exception,IndexOutOfRangeException: Index was outside the bounds of the array.
9.58,Exception,IndexOutOfRangeException: Index was outside the bounds of the array.
9.599999,Exception,IndexOutOfRangeException: Index was outside the bounds of the array.
9.62,Exception,IndexOutOfRangeException: Index was outside the bounds of the array.
9.639999,Exception,IndexOutOfRangeException: Index was outside the bounds of the array.
9.66,Exception,IndexOutOfRangeException: Index was outside the bounds of the array.
9.679999,Exception,IndexOutOfRangeException: Index was outside the bounds of the array.
9.7,Exception,IndexOutOfRangeException: Index was outside the bounds of the array.
9.719999,Exception,IndexOutOfRangeException: Index was outside the bounds of the array.
9.74,Exception,IndexOutOfRangeException: Index was outside the bounds of the array.
9.76,Exception,IndexOutOfRangeException: Index was outside the bounds of the array.
9.78,Exception,IndexOutOfRangeException: Index was outside the bounds of the array.
9.8,Exception,IndexOutOfRangeException: Index was outside the bounds of the array.
9.82,Exception,IndexOutOfRangeException: Index was outside the bounds of the array.
9.84,Exception,IndexOutOfRangeException: Index was outside the bounds of the array.
9.86,Exception,IndexOutOfRangeException: Index was outside the bounds of the array.
9.88,Exception,IndexOutOfRangeException: Index was outside the bounds of the array.
9.9,Exception,IndexOutOfRangeException: Index was outside the bounds of the array.
9.92,Exception,IndexOutOfRangeException: Index was outside the bounds of the array.
9.94,Exception,IndexOutOfRangeException: Index was outside the bounds of the array.
9.96,Exception,IndexOutOfRangeException: Index was outside the bounds of the array.
9.98,Exception,IndexOutOfRangeException: Index was outside the bounds of the array.
10,Exception,IndexOutOfRangeException: Index was outside the bounds of the array.
10.02,Exception,IndexOutOfRangeException: Index was outside the bounds of the array.
10.04,Exception,IndexOutOfRangeException: Index was outside the bounds of the array.
10.06,Exception,IndexOutOfRangeException: Index was outside the bounds of the array.
10.08,Exception,IndexOutOfRangeException: Index was outside the bounds of the array.
10.1,Exception,IndexOutOfRangeException: Index was outside the bounds of the array.
10.12,Exception,IndexOutOfRangeException: Index was outside the bounds of the array.
10.14,Exception,IndexOutOfRangeException: Index was outside the bounds of the array.
10.16,Exception,IndexOutOfRangeException: Index was outside the bounds of the array.
10.18,Exception,IndexOutOfRangeException: Index was outside the bounds of the array.
10.2,Exception,IndexOutOfRangeException: Index was outside the bounds of the array.
10.22,Exception,IndexOutOfRangeException: Index was outside the bounds of the array.
10.24,Exception,IndexOutOfRangeException: Index was outside the bounds of the array.
10.26,Exception,IndexOutOfRangeException: Index was outside the bounds of the array.
10.28,Exception,IndexOutOfRangeException: Index was outside the bounds of the array.
10.3,Exception,IndexOutOfRangeException: Index was outside the bounds of the array.
10.32,Exception,IndexOutOfRangeException: Index was outside the bounds of the array.
10.34,Exception,IndexOutOfRangeException: Index was outside the bounds of the array.
10.36,Exception,IndexOutOfRangeException: Index was outside the bounds of the array.
10.38,Exception,IndexOutOfRangeException: Index was outside the bounds of the array.
10.4,Exception,IndexOutOfRangeException: Index was outside the bounds of the array.
10.42,Exception,IndexOutOfRangeException: Index was outside the bounds of the array.
10.44,Exception,IndexOutOfRangeException: Index was outside the bounds of the array.
10.46,Exception,IndexOutOfRangeException: Index was outside the bounds of the array.
10.48,Exception,IndexOutOfRangeException: Index was outside the bounds of the array.
10.5,Exception,IndexOutOfRangeException: Index was outside the bounds of the array.
10.52,Exception,IndexOutOfRangeException: Index was outside the bounds of the array.
10.54,Exception,IndexOutOfRangeException: Index was outside the bounds of the array.
10.56,Exception,IndexOutOfRangeException: Index was outside the bounds of the array.
10.58,Exception,IndexOutOfRangeException: Index was outside the bounds of the array.
10.6,Exception,IndexOutOfRangeException: Index was outside the bounds of the array.
10.62,Exception,IndexOutOfRangeException: Index was outside the bounds of the array.
10.64,Exception,IndexOutOfRangeException: Index was outside the bounds of the array.
10.66,Exception,IndexOutOfRangeException: Index was outside the bounds of the array.
10.68,Exception,IndexOutOfRangeException: Index was outside the bounds of the array.
10.7,Exception,IndexOutOfRangeException: Index was outside the bounds of the array.
10.72,Exception,IndexOutOfRangeException: Index was outside the bounds of the array.
10.74,Exception,IndexOutOfRangeException: Index was outside the bounds of the array.
10.76,Exception,IndexOutOfRangeException: Index was outside the bounds of the array.
10.78,Exception,IndexOutOfRangeException: Index was outside the bounds of the array.
10.8,Exception,IndexOutOfRangeException: Index was outside the bounds of the array.
10.82,Exception,IndexOutOfRangeException: Index was outside the bounds of the array.
10.84,Exception,IndexOutOfRangeException: Index was outside the bounds of the array.
10.86,Exception,IndexOutOfRangeException: Index was outside the bounds of the array.
10.88,Exception,IndexOutOfRangeException: Index was outside the bounds of the array.
10.9,Exception,IndexOutOfRangeException: Index was outside the bounds of the array.
10.92,Exception,IndexOutOfRangeException: Index was outside the bounds of the array.
10.94,Exception,IndexOutOfRangeException: Index was outside the bounds of the array.
10.96,Exception,IndexOutOfRangeException: Index was outside the bounds of the array.
10.98,Exception,IndexOutOfRangeException: Index was outside the bounds of the array.
11,Exception,IndexOutOfRangeException: Index was outside the bounds of the array.
11.02,Exception,IndexOutOfRangeException: Index was outside the bounds of the array.
11.04,Exception,IndexOutOfRangeException: Index was outside the bounds of the array.
11.06,Exception,IndexOutOfRangeException: Index was outside the bounds of the array.
11.08,Exception,IndexOutOfRangeException: Index was outside the bounds of the array.
11.1,Exception,IndexOutOfRangeException: Index was outside the bounds of the array.
